RESULT,rmatch-main,factory,1000,675259,0,warmup,442,8861
RESULT,rmatch-main,factory,1000,675259,1,measured,231,8861
RESULT,rmatch-main,factory,1000,675259,2,measured,214,8861
RESULT,rmatch-twochar,factory,1000,675259,0,warmup,384,8861
RESULT,rmatch-twochar,factory,1000,675259,1,measured,173,8861
RESULT,rmatch-twochar,factory,1000,675259,2,measured,147,8861
RESULT,loop,javanative,1000,675259,0,warmup,549,8861
RESULT,loop,javanative,1000,675259,1,measured,568,8861
RESULT,loop,javanative,1000,675259,2,measured,590,8861
RESULT,loop,re2j,1000,675259,0,warmup,106,8861
RESULT,loop,re2j,1000,675259,1,measured,40,8861
RESULT,loop,re2j,1000,675259,2,measured,39,8861
RESULT,rmatch-main,factory,1000,1350518,0,warmup,676,17722
RESULT,rmatch-main,factory,1000,1350518,1,measured,437,17722
RESULT,rmatch-main,factory,1000,1350518,2,measured,399,17722
RESULT,rmatch-twochar,factory,1000,1350518,0,warmup,564,17722
RESULT,rmatch-twochar,factory,1000,1350518,1,measured,327,17722
RESULT,rmatch-twochar,factory,1000,1350518,2,measured,286,17722
RESULT,loop,javanative,1000,1350518,0,warmup,1064,17722
RESULT,loop,javanative,1000,1350518,1,measured,1068,17722
RESULT,loop,javanative,1000,1350518,2,measured,1129,17722
RESULT,loop,re2j,1000,1350518,0,warmup,145,17722
RESULT,loop,re2j,1000,1350518,1,measured,87,17722
RESULT,loop,re2j,1000,1350518,2,measured,86,17722
RESULT,rmatch-main,factory,1000,2701036,0,warmup,1145,35444
RESULT,rmatch-main,factory,1000,2701036,1,measured,810,35444
RESULT,rmatch-main,factory,1000,2701036,2,measured,781,35444
RESULT,rmatch-twochar,factory,1000,2701036,0,warmup,787,35444
RESULT,rmatch-twochar,factory,1000,2701036,1,measured,579,35444
RESULT,rmatch-twochar,factory,1000,2701036,2,measured,568,35444
RESULT,loop,javanative,1000,2701036,0,warmup,2113,35444
RESULT,loop,javanative,1000,2701036,1,measured,2159,35444
RESULT,loop,javanative,1000,2701036,2,measured,2204,35444
RESULT,loop,re2j,1000,2701036,0,warmup,213,35444
RESULT,loop,re2j,1000,2701036,1,measured,162,35444
RESULT,loop,re2j,1000,2701036,2,measured,159,35444
RESULT,rmatch-main,factory,1000,6752590,0,warmup,2130,88610
RESULT,rmatch-main,factory,1000,6752590,1,measured,1901,88610
RESULT,rmatch-main,factory,1000,6752590,2,measured,1851,88610
RESULT,rmatch-twochar,factory,1000,6752590,0,warmup,1624,88610
RESULT,rmatch-twochar,factory,1000,6752590,1,measured,1382,88610
RESULT,rmatch-twochar,factory,1000,6752590,2,measured,1328,88610
RESULT,loop,javanative,1000,6752590,0,warmup,5198,88610
RESULT,loop,javanative,1000,6752590,1,measured,5530,88610
RESULT,loop,javanative,1000,6752590,2,measured,5470,88610
RESULT,loop,re2j,1000,6752590,0,warmup,484,88610
RESULT,loop,re2j,1000,6752590,1,measured,402,88610
RESULT,loop,re2j,1000,6752590,2,measured,393,88610
RESULT,rmatch-main,factory,5000,675259,0,warmup,3063,75584
RESULT,rmatch-main,factory,5000,675259,1,measured,2544,75584
RESULT,rmatch-main,factory,5000,675259,2,measured,2513,75584
RESULT,rmatch-twochar,factory,5000,675259,0,warmup,1273,75584
RESULT,rmatch-twochar,factory,5000,675259,1,measured,467,75584
RESULT,rmatch-twochar,factory,5000,675259,2,measured,418,75584
RESULT,loop,javanative,5000,675259,0,warmup,2404,75540
RESULT,loop,javanative,5000,675259,1,measured,2437,75540
RESULT,loop,javanative,5000,675259,2,measured,2455,75540
RESULT,loop,re2j,5000,675259,0,warmup,266,75584
RESULT,loop,re2j,5000,675259,1,measured,197,75584
RESULT,loop,re2j,5000,675259,2,measured,196,75584
RESULT,rmatch-main,factory,5000,1350518,0,warmup,5476,151168
RESULT,rmatch-main,factory,5000,1350518,1,measured,4883,151168
RESULT,rmatch-main,factory,5000,1350518,2,measured,4861,151168
RESULT,rmatch-twochar,factory,5000,1350518,0,warmup,1424,151168
RESULT,rmatch-twochar,factory,5000,1350518,1,measured,771,151168
RESULT,rmatch-twochar,factory,5000,1350518,2,measured,744,151168
RESULT,loop,javanative,5000,1350518,0,warmup,4896,151080
RESULT,loop,javanative,5000,1350518,1,measured,4989,151080
RESULT,loop,javanative,5000,1350518,2,measured,4956,151080
RESULT,loop,re2j,5000,1350518,0,warmup,472,151168
RESULT,loop,re2j,5000,1350518,1,measured,406,151168
RESULT,loop,re2j,5000,1350518,2,measured,397,151168
RESULT,rmatch-main,factory,5000,2701036,0,warmup,11252,302336
RESULT,rmatch-main,factory,5000,2701036,1,measured,10349,302336
RESULT,rmatch-main,factory,5000,2701036,2,measured,10316,302336
RESULT,rmatch-twochar,factory,5000,2701036,0,warmup,2424,302336
RESULT,rmatch-twochar,factory,5000,2701036,1,measured,1399,302336
RESULT,rmatch-twochar,factory,5000,2701036,2,measured,1352,302336
RESULT,loop,javanative,5000,2701036,0,warmup,9808,302160
RESULT,loop,javanative,5000,2701036,1,measured,9854,302160
RESULT,loop,javanative,5000,2701036,2,measured,9841,302160
RESULT,loop,re2j,5000,2701036,0,warmup,846,302336
RESULT,loop,re2j,5000,2701036,1,measured,784,302336
RESULT,loop,re2j,5000,2701036,2,measured,776,302336
RESULT,rmatch-main,factory,5000,6752590,0,warmup,17513,755840
RESULT,rmatch-main,factory,5000,6752590,1,measured,16782,755840
RESULT,rmatch-main,factory,5000,6752590,2,measured,16887,755840
RESULT,rmatch-twochar,factory,5000,6752590,0,warmup,3869,755840
RESULT,rmatch-twochar,factory,5000,6752590,1,measured,3113,755840
RESULT,rmatch-twochar,factory,5000,6752590,2,measured,3059,755840
RESULT,loop,javanative,5000,6752590,0,warmup,23634,755400
RESULT,loop,javanative,5000,6752590,1,measured,24019,755400
RESULT,loop,javanative,5000,6752590,2,measured,24077,755400
RESULT,loop,re2j,5000,6752590,0,warmup,1986,755840
RESULT,loop,re2j,5000,6752590,1,measured,1888,755840
RESULT,loop,re2j,5000,6752590,2,measured,1895,755840
RESULT,rmatch-main,factory,10000,675259,0,warmup,4721,171400
RESULT,rmatch-main,factory,10000,675259,1,measured,4266,171400
RESULT,rmatch-main,factory,10000,675259,2,measured,4147,171400
RESULT,rmatch-twochar,factory,10000,675259,0,warmup,1508,171400
RESULT,rmatch-twochar,factory,10000,675259,1,measured,891,171400
RESULT,rmatch-twochar,factory,10000,675259,2,measured,863,171400
RESULT,loop,javanative,10000,675259,0,warmup,4855,170834
RESULT,loop,javanative,10000,675259,1,measured,4919,170834
RESULT,loop,javanative,10000,675259,2,measured,4974,170834
RESULT,loop,re2j,10000,675259,0,warmup,483,171400
RESULT,loop,re2j,10000,675259,1,measured,417,171400
RESULT,loop,re2j,10000,675259,2,measured,398,171400
RESULT,rmatch-main,factory,10000,1350518,0,warmup,8495,342800
RESULT,rmatch-main,factory,10000,1350518,1,measured,7880,342800
RESULT,rmatch-main,factory,10000,1350518,2,measured,7784,342800
RESULT,rmatch-twochar,factory,10000,1350518,0,warmup,2205,342800
RESULT,rmatch-twochar,factory,10000,1350518,1,measured,1570,342800
RESULT,rmatch-twochar,factory,10000,1350518,2,measured,1457,342800
RESULT,loop,javanative,10000,1350518,0,warmup,9585,341668
RESULT,loop,javanative,10000,1350518,1,measured,9706,341668
RESULT,loop,javanative,10000,1350518,2,measured,9698,341668
RESULT,loop,re2j,10000,1350518,0,warmup,883,342800
RESULT,loop,re2j,10000,1350518,1,measured,824,342800
RESULT,loop,re2j,10000,1350518,2,measured,826,342800
RESULT,rmatch-main,factory,10000,2701036,0,warmup,16072,685600
RESULT,rmatch-main,factory,10000,2701036,1,measured,15452,685600
RESULT,rmatch-main,factory,10000,2701036,2,measured,15297,685600
RESULT,rmatch-twochar,factory,10000,2701036,0,warmup,4558,685600
RESULT,rmatch-twochar,factory,10000,2701036,1,measured,3684,685600
RESULT,rmatch-twochar,factory,10000,2701036,2,measured,3694,685600
RESULT,loop,javanative,10000,2701036,0,warmup,18808,683336
RESULT,loop,javanative,10000,2701036,1,measured,18746,683336
RESULT,loop,javanative,10000,2701036,2,measured,18746,683336
RESULT,loop,re2j,10000,2701036,0,warmup,1689,685600
RESULT,loop,re2j,10000,2701036,1,measured,1609,685600
RESULT,loop,re2j,10000,2701036,2,measured,1605,685600
RESULT,rmatch-main,factory,10000,6752590,0,warmup,39045,1714000
RESULT,rmatch-main,factory,10000,6752590,1,measured,37875,1714000
RESULT,rmatch-main,factory,10000,6752590,2,measured,37959,1714000
RESULT,rmatch-twochar,factory,10000,6752590,0,warmup,7449,1714000
RESULT,rmatch-twochar,factory,10000,6752590,1,measured,6392,1714000
RESULT,rmatch-twochar,factory,10000,6752590,2,measured,6529,1714000
RESULT,loop,javanative,10000,6752590,0,warmup,46813,1708340
RESULT,loop,javanative,10000,6752590,1,measured,46867,1708340
RESULT,loop,javanative,10000,6752590,2,measured,46922,1708340
RESULT,loop,re2j,10000,6752590,0,warmup,3943,1714000
RESULT,loop,re2j,10000,6752590,1,measured,3838,1714000
RESULT,loop,re2j,10000,6752590,2,measured,3861,1714000
